{"Train Loss": 0.00026473315665498376, "_timestamp": 1685101981.7893877, "Test Loss": 0.00023382814209719412, "_runtime": 2.655449628829956, "_step": 10746, "_wandb": {"runtime": 2}}